index,cameraName,cameraIndexCode,gbIndexCode,channelNo,hlsUrl
1,C3进出,3740aad52b6f486dbae89e5bc6dab4bb,42011101581314000657,1,http://111.4.138.205:18080/hls/3740aad52b6f486dbae89e5bc6dab4bb/index.m3u8
2,C1进出,d8351b2aaf9d4d6b9aacbb3f3098ec74,42011101581314000656,8,http://111.4.138.205:18080/hls/d8351b2aaf9d4d6b9aacbb3f3098ec74/index.m3u8
3,D4道闸路段,ad0e8bedb9f446079f3a413e90770c79,42011101581314000655,4,http://111.4.138.205:18080/hls/ad0e8bedb9f446079f3a413e90770c79/index.m3u8
4,C座道闸,5a5395d4d45943a79e329d5a454b2725,42011101581314000654,16,http://111.4.138.205:18080/hls/5a5395d4d45943a79e329d5a454b2725/index.m3u8
5,NE进,1471d1e4be83489a834ae0505dbe7d21,42011101581314000653,4,http://111.4.138.205:18080/hls/1471d1e4be83489a834ae0505dbe7d21/index.m3u8
6,垃圾场南E地库出入口,8ce27637e2e04fb6b1ad54d6ad480197,42011101581314000652,5,http://111.4.138.205:18080/hls/8ce27637e2e04fb6b1ad54d6ad480197/index.m3u8
7,办公区,fe7493e888b649549eab708b80c46a89,42011101581314000649,1,http://111.4.138.205:18080/hls/fe7493e888b649549eab708b80c46a89/index.m3u8
8,A13配电室西门,162b3b45d5644070b49e8c4432a4d474,42011101581314000648,2,http://111.4.138.205:18080/hls/162b3b45d5644070b49e8c4432a4d474/index.m3u8
9,A13消防泵房东门外走廊,579877a1f2494f009ef1672887a22621,42011101581314000647,3,http://111.4.138.205:18080/hls/579877a1f2494f009ef1672887a22621/index.m3u8
10,监控室,f3fd5d422fb243e08cccf306a50bf5e2,42011101581314000646,4,http://111.4.138.205:18080/hls/f3fd5d422fb243e08cccf306a50bf5e2/index.m3u8
11,配电室,a84954d3b6874a07bd0dbb5c8e25655c,42011101581314000645,6,http://111.4.138.205:18080/hls/a84954d3b6874a07bd0dbb5c8e25655c/index.m3u8
12,9#-地下室消防水箱房101,4afc557060d94baa8c15af5d6635fe1d,42011101581314000644,9,http://111.4.138.205:18080/hls/4afc557060d94baa8c15af5d6635fe1d/index.m3u8
13,9#-地下室（消防水泵房）126,da83d16f51744846a4bac33831822c8d,42011101581314000643,22,http://111.4.138.205:18080/hls/da83d16f51744846a4bac33831822c8d/index.m3u8
14,9#-地下室（配电室）104,d0f1b19451424016b5c6bfb3de53fa02,42011101581314000642,34,http://111.4.138.205:18080/hls/d0f1b19451424016b5c6bfb3de53fa02/index.m3u8
15,消防监控室139,61268cb9c99640afb3daf1b9846e59a4,42011101581314000639,1,http://111.4.138.205:18080/hls/61268cb9c99640afb3daf1b9846e59a4/index.m3u8
16,监控室,c8eade3365a9489698ff7ee5ad0da9da,42011101581314000635,6,http://111.4.138.205:18080/hls/c8eade3365a9489698ff7ee5ad0da9da/index.m3u8
17,1号楼东南侧,e492d43456f7485395f91940774b8a11,42011101581314000634,7,http://111.4.138.205:18080/hls/e492d43456f7485395f91940774b8a11/index.m3u8
18,4栋电动车充电处,933f3492ec874f93a0358d93a45d0c07,42011101581314000633,8,http://111.4.138.205:18080/hls/933f3492ec874f93a0358d93a45d0c07/index.m3u8
19,物业办公室,c88a589dc9294530814030e0873f1472,42011101581314000632,1,http://111.4.138.205:18080/hls/c88a589dc9294530814030e0873f1472/index.m3u8
20,监控室,9282e8be630a4d07ad55e8ba6b9b0ab1,42011101581314000631,2,http://111.4.138.205:18080/hls/9282e8be630a4d07ad55e8ba6b9b0ab1/index.m3u8
21,水泵房,cae42d1cbd9e4285b6d22c5448cc51ab,42011101581314000630,3,http://111.4.138.205:18080/hls/cae42d1cbd9e4285b6d22c5448cc51ab/index.m3u8
22,K9二楼总配电室,4bddc69c566b4be5bac71a9ca8a3a686,42011101581314000629,4,http://111.4.138.205:18080/hls/4bddc69c566b4be5bac71a9ca8a3a686/index.m3u8
23,B1水泵房内,5a7d8c425e754341b43b5c050093062a,42011101581314000628,1,http://111.4.138.205:18080/hls/5a7d8c425e754341b43b5c050093062a/index.m3u8
24,B1水泵房外,bc2f4c5359bc406e9faf5014a6e0d694,42011101581314000627,2,http://111.4.138.205:18080/hls/bc2f4c5359bc406e9faf5014a6e0d694/index.m3u8
25,B1配电房(外),41a9894e7012430e92cbedaa6cd71d57,42011101581314000626,3,http://111.4.138.205:18080/hls/41a9894e7012430e92cbedaa6cd71d57/index.m3u8
26,B1配电房(内),078ed1fa8ad0422e9da848d8455ba6e2,42011101581314000625,4,http://111.4.138.205:18080/hls/078ed1fa8ad0422e9da848d8455ba6e2/index.m3u8
27,B2-2F物业大厅,5b0cc9c827d54858bdbcbe62bc298061,42011101581314000624,5,http://111.4.138.205:18080/hls/5b0cc9c827d54858bdbcbe62bc298061/index.m3u8
28,B11-西边生活垃圾站,c424cb3ed7764c4581d4a6fdf31d2245,42011101581314000623,6,http://111.4.138.205:18080/hls/c424cb3ed7764c4581d4a6fdf31d2245/index.m3u8
29,B12-西边建筑垃圾站,80bc05bd15c74c748036d98d5ba65d0a,42011101581314000622,7,http://111.4.138.205:18080/hls/80bc05bd15c74c748036d98d5ba65d0a/index.m3u8
30,B4-监控室01,94b804eac35d478c9bdee7e46c04a782,42011101581314000621,8,http://111.4.138.205:18080/hls/94b804eac35d478c9bdee7e46c04a782/index.m3u8
31,B1地下车库配电房03,12bb773cf97a4e2d83ffd26a6774c11a,42011101581314000620,9,http://111.4.138.205:18080/hls/12bb773cf97a4e2d83ffd26a6774c11a/index.m3u8
32,B4-监控室02,525d9249285440828988fde11daaf30d,42011101581314000619,10,http://111.4.138.205:18080/hls/525d9249285440828988fde11daaf30d/index.m3u8
33,D3鹰眼球机,9607e619a69640cc95ecb8e8a270a675,42011101581314000618,1,http://111.4.138.205:18080/hls/9607e619a69640cc95ecb8e8a270a675/index.m3u8
34,E1消控室2,8f4cb41ba34c4695b150036dbe4bd5dd,42011101581314000617,2,http://111.4.138.205:18080/hls/8f4cb41ba34c4695b150036dbe4bd5dd/index.m3u8
35,D3水泵房2,2388893b6da4429892966084bdb9075b,42011101581314000616,3,http://111.4.138.205:18080/hls/2388893b6da4429892966084bdb9075b/index.m3u8
36,D区2号水泵房,d9350b7e7c4046e19b45cfcc3523ef13,42011101581314000615,4,http://111.4.138.205:18080/hls/d9350b7e7c4046e19b45cfcc3523ef13/index.m3u8
37,2号配电间,1dd2ddc46820496cb7d3f172b1fbcb91,42011101581314000614,5,http://111.4.138.205:18080/hls/1dd2ddc46820496cb7d3f172b1fbcb91/index.m3u8
38,D6栋1F,4e0b5d502d784c00a85d002b459a4c46,42011101581314000613,6,http://111.4.138.205:18080/hls/4e0b5d502d784c00a85d002b459a4c46/index.m3u8
39,D3鹰眼180,6a120c45f0924ebba7d2a1186badb949,42011101581314000612,7,http://111.4.138.205:18080/hls/6a120c45f0924ebba7d2a1186badb949/index.m3u8
40,D3-1F南大厅,007f58f7531e42b0a0322adce9ffbdb1,42011101581314000611,8,http://111.4.138.205:18080/hls/007f58f7531e42b0a0322adce9ffbdb1/index.m3u8
41,中控室,fb850cf712b14bf29be7fb7be656758f,42011101581314000610,1,http://111.4.138.205:18080/hls/fb850cf712b14bf29be7fb7be656758f/index.m3u8
42,配电室2,8d8d67c855144c219fb50026e5de26c4,42011101581314000609,2,http://111.4.138.205:18080/hls/8d8d67c855144c219fb50026e5de26c4/index.m3u8
43,消防泵房,46127e7ae232425ea3cfcc1c0ae5b2ba,42011101581314000608,3,http://111.4.138.205:18080/hls/46127e7ae232425ea3cfcc1c0ae5b2ba/index.m3u8
44,配电室1,4ab47990679849138dbb53143f669a7e,42011101581314000607,4,http://111.4.138.205:18080/hls/4ab47990679849138dbb53143f669a7e/index.m3u8
45,消房泵房监控,a86194883aff480388bcc66c76018e8f,42011101581314000606,12,http://111.4.138.205:18080/hls/a86194883aff480388bcc66c76018e8f/index.m3u8
46,水泵房监控4,1783ec7c10a2433aa1e4f7afcd334f61,42011101581314000605,16,http://111.4.138.205:18080/hls/1783ec7c10a2433aa1e4f7afcd334f61/index.m3u8
47,水泵房监控5,dea79359dff1400aac15fc186b6df136,42011101581314000604,17,http://111.4.138.205:18080/hls/dea79359dff1400aac15fc186b6df136/index.m3u8
48,高压配电室监控,d51f16e76ea842418c8c192b3871f3ad,42011101581314000603,18,http://111.4.138.205:18080/hls/d51f16e76ea842418c8c192b3871f3ad/index.m3u8
49,高压配电室监控2,8962f98d19af46e8ae44978123f7a142,42011101581314000602,19,http://111.4.138.205:18080/hls/8962f98d19af46e8ae44978123f7a142/index.m3u8
50,305岗亭监控,ab3f2359c78a47ee81ef511aaa33ab5b,42011101581314000601,20,http://111.4.138.205:18080/hls/ab3f2359c78a47ee81ef511aaa33ab5b/index.m3u8
51,309岗监控,53d3805048a449b6aaf00e76222d2b0c,42011101581314000600,21,http://111.4.138.205:18080/hls/53d3805048a449b6aaf00e76222d2b0c/index.m3u8
52,物业前台,8b529267feaf425681e6746ee8b6aab8,42011101581314000599,22,http://111.4.138.205:18080/hls/8b529267feaf425681e6746ee8b6aab8/index.m3u8
53,监控室监控,1d867ee986a249c3baa590b86c5bf65a,42011101581314000598,23,http://111.4.138.205:18080/hls/1d867ee986a249c3baa590b86c5bf65a/index.m3u8
54,配电室01,ceacca9896a840d1ae3132a464f70714,42011101581314000596,28,http://111.4.138.205:18080/hls/ceacca9896a840d1ae3132a464f70714/index.m3u8
55,消防泵01,093d079b4c564177a186d5fea339b325,42011101581314000595,29,http://111.4.138.205:18080/hls/093d079b4c564177a186d5fea339b325/index.m3u8
56,配电房03,269b1a8370094af79b4d351325ef1a2f,42011101581314000594,30,http://111.4.138.205:18080/hls/269b1a8370094af79b4d351325ef1a2f/index.m3u8
57,生活水泵房01,7773d41934a8439892cc0dd4714f567b,42011101581314000593,31,http://111.4.138.205:18080/hls/7773d41934a8439892cc0dd4714f567b/index.m3u8
58,消控室,1bbcd68a357a41b8a97a2e0a846a915c,42011101581314000592,32,http://111.4.138.205:18080/hls/1bbcd68a357a41b8a97a2e0a846a915c/index.m3u8
59,配电房1,bdc59d36319c4898b9450a94f726e74a,42011101581314000584,2,http://111.4.138.205:18080/hls/bdc59d36319c4898b9450a94f726e74a/index.m3u8
60,水泵房,25ec8fe2f0d74b5cb281237f9c52db74,42011101581314000583,3,http://111.4.138.205:18080/hls/25ec8fe2f0d74b5cb281237f9c52db74/index.m3u8
61,物业前台,4038c7c96b5642e9b7bd2c6cb0cccf68,42011101581314000582,4,http://111.4.138.205:18080/hls/4038c7c96b5642e9b7bd2c6cb0cccf68/index.m3u8
62,配电房2,bafd219ce5454d72a7a57691aa164bea,42011101581314000581,5,http://111.4.138.205:18080/hls/bafd219ce5454d72a7a57691aa164bea/index.m3u8
63,消控室,5b103ea066664c85924927bd04c21a19,42011101581314000580,6,http://111.4.138.205:18080/hls/5b103ea066664c85924927bd04c21a19/index.m3u8
64,消防泵房1,3fc0ddc9392248f3a8187b24ff9ee552,42011101581314000579,7,http://111.4.138.205:18080/hls/3fc0ddc9392248f3a8187b24ff9ee552/index.m3u8
65,消防泵房2,ce2386ff24f34ff8b026868ea93e406e,42011101581314000578,8,http://111.4.138.205:18080/hls/ce2386ff24f34ff8b026868ea93e406e/index.m3u8
66,垃圾场,cfdb002aae05492cab17f0e13cd364bf,42011101581314000558,1,http://111.4.138.205:18080/hls/cfdb002aae05492cab17f0e13cd364bf/index.m3u8
67,办公室,e4bc514168f648ac81dc7267f6da691c,42011101581314000557,2,http://111.4.138.205:18080/hls/e4bc514168f648ac81dc7267f6da691c/index.m3u8
68,配电室,ac6aeded2f5948e08f22546f7fd462c2,42011101581314000556,3,http://111.4.138.205:18080/hls/ac6aeded2f5948e08f22546f7fd462c2/index.m3u8
69,3号消防泵房,eb70248f588640b3a084b92efcca99ad,42011101581314000555,4,http://111.4.138.205:18080/hls/eb70248f588640b3a084b92efcca99ad/index.m3u8
70,3号水泵房,f9438115e54a4938972067098e9a6e44,42011101581314000554,5,http://111.4.138.205:18080/hls/f9438115e54a4938972067098e9a6e44/index.m3u8
71,垃圾站,13e9091000874a07bcc72a452a259c4e,42011101581314000548,1,http://111.4.138.205:18080/hls/13e9091000874a07bcc72a452a259c4e/index.m3u8
72,消防泵房,861ff71c72214a33bb6cdcfc11ed3536,42011101581314000547,2,http://111.4.138.205:18080/hls/861ff71c72214a33bb6cdcfc11ed3536/index.m3u8
73,生活泵房,b508b31077004732959b08af28970c45,42011101581314000546,3,http://111.4.138.205:18080/hls/b508b31077004732959b08af28970c45/index.m3u8
74,配电房1,04c25a5f18ad4d0cacf14c0c7ff7990c,42011101581314000545,4,http://111.4.138.205:18080/hls/04c25a5f18ad4d0cacf14c0c7ff7990c/index.m3u8
75,配电房2,9475279f5ec246c7acfe85fd45f969af,42011101581314000544,5,http://111.4.138.205:18080/hls/9475279f5ec246c7acfe85fd45f969af/index.m3u8
76,物业办公室走道,377a1ee290cf434d9cd003b5960e7aeb,42011101581314000541,1,http://111.4.138.205:18080/hls/377a1ee290cf434d9cd003b5960e7aeb/index.m3u8
77,办公室前台,393a6692873445ab828262222fe2c916,42011101581314000540,2,http://111.4.138.205:18080/hls/393a6692873445ab828262222fe2c916/index.m3u8
78,B14高压配电房1,90bbbb48536e4c66ac5e95fc2fca46eb,42011101581314000539,4,http://111.4.138.205:18080/hls/90bbbb48536e4c66ac5e95fc2fca46eb/index.m3u8
79,B14消防泵房,48c3ebc5567345ff887e849f6695d316,42011101581314000538,5,http://111.4.138.205:18080/hls/48c3ebc5567345ff887e849f6695d316/index.m3u8
80,B14高压配电房2,83442bbf71ae4225b7da60fb03bd5334,42011101581314000537,6,http://111.4.138.205:18080/hls/83442bbf71ae4225b7da60fb03bd5334/index.m3u8
81,B14生活泵房,2494519002aa4ac0847ae68c198c4bff,42011101581314000536,7,http://111.4.138.205:18080/hls/2494519002aa4ac0847ae68c198c4bff/index.m3u8
82,B3监控室,213b7101c1af445895feaf65b75486da,42011101581314000535,1,http://111.4.138.205:18080/hls/213b7101c1af445895feaf65b75486da/index.m3u8
83,B3物业前台,3d7d7e6c5bda46aa8949bad044547602,42011101581314000534,2,http://111.4.138.205:18080/hls/3d7d7e6c5bda46aa8949bad044547602/index.m3u8
84,俪湖天地前台,eed9598ea18345c7949350f9bb1309a6,42011101581314000533,1,http://111.4.138.205:18080/hls/eed9598ea18345c7949350f9bb1309a6/index.m3u8
85,俪湖天地生活水泵房,cb5758e3ebde483d93973f08280f1e52,42011101581314000532,2,http://111.4.138.205:18080/hls/cb5758e3ebde483d93973f08280f1e52/index.m3u8
86,俪湖天地消防水泵房,21b48cdb430448d6a95a5b53f7de9ebc,42011101581314000531,3,http://111.4.138.205:18080/hls/21b48cdb430448d6a95a5b53f7de9ebc/index.m3u8
87,俪湖天地中心配电房1,8c65e78b7c2b48c3830ecc949b542db3,42011101581314000530,4,http://111.4.138.205:18080/hls/8c65e78b7c2b48c3830ecc949b542db3/index.m3u8
88,俪湖天地中心配电房2,8a7e2fe0d2bd4d2690816a21c9aa2779,42011101581314000529,5,http://111.4.138.205:18080/hls/8a7e2fe0d2bd4d2690816a21c9aa2779/index.m3u8
89,光谷上城生活水泵房,d897611142a54076a95c2dfbe6a3da8b,42011101581314000528,1,http://111.4.138.205:18080/hls/d897611142a54076a95c2dfbe6a3da8b/index.m3u8
90,光谷上城物业办公室,4c1f568924884d22bb9199ea6fd65508,42011101581314000527,2,http://111.4.138.205:18080/hls/4c1f568924884d22bb9199ea6fd65508/index.m3u8
91,光谷上城9栋配电房二,d8ba322baaab49e8beb31be9a8b7cd94,42011101581314000526,3,http://111.4.138.205:18080/hls/d8ba322baaab49e8beb31be9a8b7cd94/index.m3u8
92,光谷上城垃圾池,449faaf927c54cada98276654bcb9de6,42011101581314000525,4,http://111.4.138.205:18080/hls/449faaf927c54cada98276654bcb9de6/index.m3u8
93, 光谷上城消防水泵房,6fc18b45511b444babe370c5b59b9ea6,42011101581314000524,5,http://111.4.138.205:18080/hls/6fc18b45511b444babe370c5b59b9ea6/index.m3u8
94,光谷上城9栋配电房一,504f7360c89a47b4a96d03cd520e08a3,42011101581314000523,6,http://111.4.138.205:18080/hls/504f7360c89a47b4a96d03cd520e08a3/index.m3u8
95,西区19栋中心配电房,c0d0859c1aaf43708b01b7a6a8e462be,42011101581314000522,1,http://111.4.138.205:18080/hls/c0d0859c1aaf43708b01b7a6a8e462be/index.m3u8
96,西区19栋低压配电房,c0fcfe3eff6149cf81749f95a958c8ec,42011101581314000521,2,http://111.4.138.205:18080/hls/c0fcfe3eff6149cf81749f95a958c8ec/index.m3u8
97,西区19栋生活水泵房,83784edcd311455cafa27b8ea162b442,42011101581314000520,3,http://111.4.138.205:18080/hls/83784edcd311455cafa27b8ea162b442/index.m3u8
98,物业办公室,3f1f3a8f38ae494495a31eb6c686c983,42011101581314000519,4,http://111.4.138.205:18080/hls/3f1f3a8f38ae494495a31eb6c686c983/index.m3u8
99,西区19栋消防泵房,937fcff889d74c9eb108b709fd7b4f57,42011101581314000518,5,http://111.4.138.205:18080/hls/937fcff889d74c9eb108b709fd7b4f57/index.m3u8
100,物业办公室,a478289b45014c5fb5b09c55b37d8b56,42011101581314000517,1,http://111.4.138.205:18080/hls/a478289b45014c5fb5b09c55b37d8b56/index.m3u8
101,星光配电房,401bc7e6fd5945e9a7e2e0d9ecf10e7e,42011101581314000514,1,http://111.4.138.205:18080/hls/401bc7e6fd5945e9a7e2e0d9ecf10e7e/index.m3u8
102,20栋电梯机房,03583656d0a14a5eb0deadc8e5c8f8a6,42011101581314000513,2,http://111.4.138.205:18080/hls/03583656d0a14a5eb0deadc8e5c8f8a6/index.m3u8
103,24栋消防泵房,ac142807e7284923ae02eb00233a6742,42011101581314000512,3,http://111.4.138.205:18080/hls/ac142807e7284923ae02eb00233a6742/index.m3u8
104,21栋水泵房,d336cd4ac0b54360a24ee768ac28312b,42011101581314000511,4,http://111.4.138.205:18080/hls/d336cd4ac0b54360a24ee768ac28312b/index.m3u8
105,星光2栋电梯机房,5ec199341833438887ae579314f170e0,42011101581314000510,5,http://111.4.138.205:18080/hls/5ec199341833438887ae579314f170e0/index.m3u8
106,23栋电梯机房,3ff7bc4a486749208836a806d64360f0,42011101581314000509,6,http://111.4.138.205:18080/hls/3ff7bc4a486749208836a806d64360f0/index.m3u8
107,24栋电梯机房,e385b92213564e34ae405cb7cd6ee684,42011101581314000508,7,http://111.4.138.205:18080/hls/e385b92213564e34ae405cb7cd6ee684/index.m3u8
108,23栋配电房,4b373cc5cb8a459b88f882fa0c01a7e3,42011101581314000507,8,http://111.4.138.205:18080/hls/4b373cc5cb8a459b88f882fa0c01a7e3/index.m3u8
109,22栋电梯机房,6a9e78e67eb64c41a2dff6e7df332b9d,42011101581314000506,9,http://111.4.138.205:18080/hls/6a9e78e67eb64c41a2dff6e7df332b9d/index.m3u8
110,星光1栋电梯机房,51a5a65669d84af1a02c84d0717942dd,42011101581314000505,10,http://111.4.138.205:18080/hls/51a5a65669d84af1a02c84d0717942dd/index.m3u8
111,18栋电梯机房,5147f16d2c884a368a7aeb980ed23acb,42011101581314000504,11,http://111.4.138.205:18080/hls/5147f16d2c884a368a7aeb980ed23acb/index.m3u8
112,19栋电梯机房,0fea653e24ed499fb8dca2a26edcdf5b,42011101581314000503,12,http://111.4.138.205:18080/hls/0fea653e24ed499fb8dca2a26edcdf5b/index.m3u8
113,21栋电梯机房,2ce67a35c20e479d969541fa2b3d4a71,42011101581314000502,13,http://111.4.138.205:18080/hls/2ce67a35c20e479d969541fa2b3d4a71/index.m3u8
114,2号楼电梯机房,e2c7655f63ca4fc995a05d1be08c475e,42011101581314000501,15,http://111.4.138.205:18080/hls/e2c7655f63ca4fc995a05d1be08c475e/index.m3u8
115,2栋配电房,2040624f50ca441fb80f248780b89a60,42011101581314000500,25,http://111.4.138.205:18080/hls/2040624f50ca441fb80f248780b89a60/index.m3u8
116,2号楼电梯机房,d220558793134fbb9aa1454f58749a92,42011101581314000499,28,http://111.4.138.205:18080/hls/d220558793134fbb9aa1454f58749a92/index.m3u8
117,消防泵房,06adff5c94a946ee8399c1ada5e67128,42011101581314000498,29,http://111.4.138.205:18080/hls/06adff5c94a946ee8399c1ada5e67128/index.m3u8
118,生活泵房,d135e9dc87c848eb844535609d1fb321,42011101581314000497,30,http://111.4.138.205:18080/hls/d135e9dc87c848eb844535609d1fb321/index.m3u8
119,1号楼电梯机房,876f54301b894b2687e993c458e351cb,42011101581314000496,31,http://111.4.138.205:18080/hls/876f54301b894b2687e993c458e351cb/index.m3u8
120,4号高层1层大门中部西向摄像机,d2d6ec8b4448489a95d42582807be666,42011101581314000479,32,http://111.4.138.205:18080/hls/d2d6ec8b4448489a95d42582807be666/index.m3u8
121,物业大厅,ca2c756c3c5b453ca9836ed495347c91,42011101581314000444,1,http://111.4.138.205:18080/hls/ca2c756c3c5b453ca9836ed495347c91/index.m3u8
122,物业办公室,5704ad3a117a4962b2ff8487a36dc087,42011101581314000443,2,http://111.4.138.205:18080/hls/5704ad3a117a4962b2ff8487a36dc087/index.m3u8
123,Camera 01,6f6a33f4ebba4b408ff628243a051d18,42011101581314000442,3,http://111.4.138.205:18080/hls/6f6a33f4ebba4b408ff628243a051d18/index.m3u8
124,19号楼-1F大门,b80182196fc5493182106b718bea8394,42011101581314000441,1,http://111.4.138.205:18080/hls/b80182196fc5493182106b718bea8394/index.m3u8
125,19号楼-1F,30e33be2cab644039805228e27314c79,42011101581314000440,2,http://111.4.138.205:18080/hls/30e33be2cab644039805228e27314c79/index.m3u8
126,A28栋西南角球机,f27958d468b54610aada8acde369d712,42011101581314000428,8,http://111.4.138.205:18080/hls/f27958d468b54610aada8acde369d712/index.m3u8
127,B13栋西北角西向摄像机,0d0ced3ef29f4ddb9eaa1c25f636a6d5,42011101581314000427,62,http://111.4.138.205:18080/hls/0d0ced3ef29f4ddb9eaa1c25f636a6d5/index.m3u8
128,物业前台,8a1acb05f993480f890dc905458b7a4b,42011101581314000424,7,http://111.4.138.205:18080/hls/8a1acb05f993480f890dc905458b7a4b/index.m3u8
129,物业大门,ec85259e80f04bc6939ee09cafbc2950,42011101581314000423,14,http://111.4.138.205:18080/hls/ec85259e80f04bc6939ee09cafbc2950/index.m3u8
130,中电信息港1栋前厅,31962cacd46e45159e89927147a6e74f,42011101581314000422,4,http://111.4.138.205:18080/hls/31962cacd46e45159e89927147a6e74f/index.m3u8
131,中电信息港6B一层前厅,d4a4458e00854e3f88391718abb9b4d3,42011101581314000421,10,http://111.4.138.205:18080/hls/d4a4458e00854e3f88391718abb9b4d3/index.m3u8
132,中电信息港2栋前厅,b2a1b12e1f5446e29b699084a33deb12,42011101581314000420,12,http://111.4.138.205:18080/hls/b2a1b12e1f5446e29b699084a33deb12/index.m3u8
133,中电信息港8栋B座前厅,34322a93b02540ceb0501b46d2fbfbaa,42011101581314000419,13,http://111.4.138.205:18080/hls/34322a93b02540ceb0501b46d2fbfbaa/index.m3u8
134,中电信息港6栋A座前厅,f7f83d94aeb24751b9a2886e1e50f002,42011101581314000418,16,http://111.4.138.205:18080/hls/f7f83d94aeb24751b9a2886e1e50f002/index.m3u8
135,中电信息港8A一层前厅,a79ef02f62a14d638192f4fa42ba9598,42011101581314000417,28,http://111.4.138.205:18080/hls/a79ef02f62a14d638192f4fa42ba9598/index.m3u8
136,中电信息港5A一层前厅,361df2de93254f1592d4511ac80702fe,42011101581314000416,31,http://111.4.138.205:18080/hls/361df2de93254f1592d4511ac80702fe/index.m3u8
137,中电信息港5B一层前厅,167f85a42acc45d683931d94a3e9d496,42011101581314000415,33,http://111.4.138.205:18080/hls/167f85a42acc45d683931d94a3e9d496/index.m3u8
138,信息港物业办公室,5b2cd28df9dc41638662c8214c4c3688,42011101581314000279,1,http://111.4.138.205:18080/hls/5b2cd28df9dc41638662c8214c4c3688/index.m3u8
139,信息港物业大厅,7b7f8ed66f8041ba8beb48211aa0f892,42011101581314000278,2,http://111.4.138.205:18080/hls/7b7f8ed66f8041ba8beb48211aa0f892/index.m3u8
140,配电房,1536aaf1a2aa4a0d8ba8ba14e6ab73ff,42011101581314000275,1,http://111.4.138.205:18080/hls/1536aaf1a2aa4a0d8ba8ba14e6ab73ff/index.m3u8
141,物业办公室1,a7ad3ca0d5dd4a25926f41e8d01915d5,42011101581314000274,2,http://111.4.138.205:18080/hls/a7ad3ca0d5dd4a25926f41e8d01915d5/index.m3u8
142,A座自营栋,cf8e2ef8d18d4e0a94e40e683d3a5673,42011101581314000273,3,http://111.4.138.205:18080/hls/cf8e2ef8d18d4e0a94e40e683d3a5673/index.m3u8
143,监控室,0f8b39b0497441eb89ee5a7fb93f3784,42011101581314000272,4,http://111.4.138.205:18080/hls/0f8b39b0497441eb89ee5a7fb93f3784/index.m3u8
144,物业办公室,e44efe2beaaa4fa991b0efbd025a1e6b,42011101581314000271,5,http://111.4.138.205:18080/hls/e44efe2beaaa4fa991b0efbd025a1e6b/index.m3u8
145,物业办公室2,6b7281522e1248c2bb1345a01808d364,42011101581314000270,6,http://111.4.138.205:18080/hls/6b7281522e1248c2bb1345a01808d364/index.m3u8
146,C座自营栋2,dffb7cb4248c43db9300c6e58e9a9f58,42011101581314000269,7,http://111.4.138.205:18080/hls/dffb7cb4248c43db9300c6e58e9a9f58/index.m3u8
147,水泵房,c7b2b067448147ca940dae00758c7129,42011101581314000268,8,http://111.4.138.205:18080/hls/c7b2b067448147ca940dae00758c7129/index.m3u8
148,A7一楼大厅,0be2858a6d5f40d283e91312c601b60c,42011101581314000267,40,http://111.4.138.205:18080/hls/0be2858a6d5f40d283e91312c601b60c/index.m3u8
149,D2西,b66f584e94644047a9856a8594f60741,42011101581314000266,41,http://111.4.138.205:18080/hls/b66f584e94644047a9856a8594f60741/index.m3u8
150,物业办公室,715502326c5d4a57b087835f99be1edf,42011101581314000265,42,http://111.4.138.205:18080/hls/715502326c5d4a57b087835f99be1edf/index.m3u8
151,一栋大厅客流,b4545db0522f428986fc4487644d65ad,42011101581314000263,1,http://111.4.138.205:18080/hls/b4545db0522f428986fc4487644d65ad/index.m3u8
152,展厅客流,09d998bd37114f268c02c5e238c5dd61,42011101581314000262,5,http://111.4.138.205:18080/hls/09d998bd37114f268c02c5e238c5dd61/index.m3u8
153,二号大门客流,11c7dbda9b1840ce97fc7c64977402f7,42011101581314000261,9,http://111.4.138.205:18080/hls/11c7dbda9b1840ce97fc7c64977402f7/index.m3u8
154,南门客流右,49d49d15d1e2451db086eb42bc2be40d,42011101581314000260,11,http://111.4.138.205:18080/hls/49d49d15d1e2451db086eb42bc2be40d/index.m3u8
155,南门客流左,e9bdf64462a44b0c870cc36c44d8caf6,42011101581314000259,12,http://111.4.138.205:18080/hls/e9bdf64462a44b0c870cc36c44d8caf6/index.m3u8
156,食堂一楼左门客流,4c8d57e6bad44302bb869546787a5784,42011101581314000250,3,http://111.4.138.205:18080/hls/4c8d57e6bad44302bb869546787a5784/index.m3u8
157,3号岗厅客流,6c7b885581a9404593b08f10f2b75472,42011101581314000249,8,http://111.4.138.205:18080/hls/6c7b885581a9404593b08f10f2b75472/index.m3u8
158,消控室,b62fb4d8d9494e1e90adf2a5a0ef4d95,42011101581314000248,10,http://111.4.138.205:18080/hls/b62fb4d8d9494e1e90adf2a5a0ef4d95/index.m3u8
159,中电22号楼东北朝南,316606a8706d402ea41961fceffe4565,42011101581314000226,4,http://111.4.138.205:18080/hls/316606a8706d402ea41961fceffe4565/index.m3u8
160,中电客流1号门进,91f0cc91d8ad420d81fb45d9c58571bc,42011101581314000225,14,http://111.4.138.205:18080/hls/91f0cc91d8ad420d81fb45d9c58571bc/index.m3u8
161,中电进出口3号门,ab7e4fd260984a558f43ab6b0030b920,42011101581314000224,15,http://111.4.138.205:18080/hls/ab7e4fd260984a558f43ab6b0030b920/index.m3u8
162,中电8号楼东南朝东,56b4908a8df743899ebb63b136dc0dbe,42011101581314000223,37,http://111.4.138.205:18080/hls/56b4908a8df743899ebb63b136dc0dbe/index.m3u8
163,中电13号楼北朝南,bdf18db8aa104b59b4fd2164e81ba8b1,42011101581314000222,38,http://111.4.138.205:18080/hls/bdf18db8aa104b59b4fd2164e81ba8b1/index.m3u8
164,中电客流3号门进,ad46657c253945f99803853faf354888,42011101581314000221,72,http://111.4.138.205:18080/hls/ad46657c253945f99803853faf354888/index.m3u8
165,中电展厅北朝南,7becab4e7e2b4ea0a8a8a2f35eaf7dc8,42011101581314000220,76,http://111.4.138.205:18080/hls/7becab4e7e2b4ea0a8a8a2f35eaf7dc8/index.m3u8
166,中电鹰眼,881ae8fd9d21421d8cbc137d129752b2,42011101581314000219,94,http://111.4.138.205:18080/hls/881ae8fd9d21421d8cbc137d129752b2/index.m3u8
167,中电消控室2,acb688c77372441b9f47214c6b287fc7,42011101581314000218,102,http://111.4.138.205:18080/hls/acb688c77372441b9f47214c6b287fc7/index.m3u8
168,中电消控室1,f1a563d9d7b14025a2955f281914f67b,42011101581314000217,103,http://111.4.138.205:18080/hls/f1a563d9d7b14025a2955f281914f67b/index.m3u8
169,洛阳CEC信息港_DigitChan_9,dc5f7453c5d940118813d253a35fd1d3,42011101581314000212,9,http://111.4.138.205:18080/hls/dc5f7453c5d940118813d253a35fd1d3/index.m3u8
170,东大门---东,8c87fe5e06f64b6ea312cb7146747a04,42011101581314000211,12,http://111.4.138.205:18080/hls/8c87fe5e06f64b6ea312cb7146747a04/index.m3u8
171,物业大厅西南角,e9a84be79c4c4281a300d0bafa2c9eec,42011101581314000210,27,http://111.4.138.205:18080/hls/e9a84be79c4c4281a300d0bafa2c9eec/index.m3u8
172,监控室 东,b13f654218df4667b32001408ea68955,42011101581314000209,29,http://111.4.138.205:18080/hls/b13f654218df4667b32001408ea68955/index.m3u8
173,监控室--西,f87133a68ef24621b3b14e5351181e8f,42011101581314000208,31,http://111.4.138.205:18080/hls/f87133a68ef24621b3b14e5351181e8f/index.m3u8
174,南大门前门岗,2c44d92fbbdd4fa9b3e81ac81ca889c6,42011101581314000207,38,http://111.4.138.205:18080/hls/2c44d92fbbdd4fa9b3e81ac81ca889c6/index.m3u8
175,A7一楼电梯厅,54fe49c1487f4f8a87a2136506730499,42011101581314000206,39,http://111.4.138.205:18080/hls/54fe49c1487f4f8a87a2136506730499/index.m3u8
176,1F-前台侧（左）,2a2455c4c35c4b4598508bd76a8cbcf5,42011101581314000205,26,http://111.4.138.205:18080/hls/2a2455c4c35c4b4598508bd76a8cbcf5/index.m3u8
177,1F-大堂2（左）,74df050b6cb340888d07cd4e4dac180d,42011101581314000204,29,http://111.4.138.205:18080/hls/74df050b6cb340888d07cd4e4dac180d/index.m3u8
178,1F-大堂1号（右）,916e457337f946af8117901b03fb411e,42011101581314000203,34,http://111.4.138.205:18080/hls/916e457337f946af8117901b03fb411e/index.m3u8
179,1F-大堂1（左）,c526566d94bc4957b6ed882fdc496a07,42011101581314000202,37,http://111.4.138.205:18080/hls/c526566d94bc4957b6ed882fdc496a07/index.m3u8
180,1F -物业大厅左,99640f6e28c84eafb95323dd128ac59a,42011101581314000201,42,http://111.4.138.205:18080/hls/99640f6e28c84eafb95323dd128ac59a/index.m3u8
181,鹰眼云台,783255bbb38441acab268ca17c76569e,42011101581314000001,62,http://111.4.138.205:18080/hls/783255bbb38441acab268ca17c76569e/index.m3u8
182,C3调度中心,60bd4f6a463440e08c84fe46ea1f2789,42011101581314000002,61,http://111.4.138.205:18080/hls/60bd4f6a463440e08c84fe46ea1f2789/index.m3u8
183,6号工坊1层大门中部东向摄像机,9c1e43a1d82442e0b45c4df1d4ba6f01,42011101581314000126,61,http://111.4.138.205:18080/hls/9c1e43a1d82442e0b45c4df1d4ba6f01/index.m3u8
184,2号高层地库电梯出口,d373510bb1ac4f4da8a1ad094aef400b,42011101581314000127,28,http://111.4.138.205:18080/hls/d373510bb1ac4f4da8a1ad094aef400b/index.m3u8
185,3号高层－1F电梯出口,5681ef42f80f4da2b7836cc94b89fa00,42011101581314000128,29,http://111.4.138.205:18080/hls/5681ef42f80f4da2b7836cc94b89fa00/index.m3u8
186,3号高层1层大门中部东向摄像头,7fab56310da54791bf1d46e1eb2dbc03,42011101581314000129,30,http://111.4.138.205:18080/hls/7fab56310da54791bf1d46e1eb2dbc03/index.m3u8
187,4号高层－1F电梯出口,39de4e19b1304047ac6f7f02299fc8db,42011101581314000130,31,http://111.4.138.205:18080/hls/39de4e19b1304047ac6f7f02299fc8db/index.m3u8
188,5高-1F地库电梯出口,ef35b7b55bab424b8373b14f996bb219,42011101581314000132,33,http://111.4.138.205:18080/hls/ef35b7b55bab424b8373b14f996bb219/index.m3u8
189,5号高层1层大门中部东向摄像机,350c397cf906477789b6ed04885ebc81,42011101581314000133,34,http://111.4.138.205:18080/hls/350c397cf906477789b6ed04885ebc81/index.m3u8
190,6号高层1层大门中部东向摄像机,03a239c37e6f4def8bae2f02f6f3b8bc,42011101581314000134,35,http://111.4.138.205:18080/hls/03a239c37e6f4def8bae2f02f6f3b8bc/index.m3u8
191,6号高层-1F电梯出口,1ac70ad651db41f5892f8c8157f11a94,42011101581314000135,36,http://111.4.138.205:18080/hls/1ac70ad651db41f5892f8c8157f11a94/index.m3u8
192,7号高楼－1F电梯出口,dce3deb0963e447aa39616f2857a4953,42011101581314000136,37,http://111.4.138.205:18080/hls/dce3deb0963e447aa39616f2857a4953/index.m3u8
193,7号高层1层大门中部西向摄像机,1f7b4680ca41492b9f5f47e670b82ba7,42011101581314000137,38,http://111.4.138.205:18080/hls/1f7b4680ca41492b9f5f47e670b82ba7/index.m3u8
194,8号高层－1F电梯出口,ebd5721ae7c444a093080b3045929e0f,42011101581314000138,39,http://111.4.138.205:18080/hls/ebd5721ae7c444a093080b3045929e0f/index.m3u8
195,8号高层1层大门中部东向摄像机,a2f031610f1146b98a04656a5acbce7b,42011101581314000139,40,http://111.4.138.205:18080/hls/a2f031610f1146b98a04656a5acbce7b/index.m3u8
196,9号高层－1F电梯出口,fa66c57c43464ee1b024e16123bd5eab,42011101581314000140,41,http://111.4.138.205:18080/hls/fa66c57c43464ee1b024e16123bd5eab/index.m3u8
197,9号高层1层大门中部西向摄像机,87386692bf5b4562b90ddbd66edd6582,42011101581314000141,42,http://111.4.138.205:18080/hls/87386692bf5b4562b90ddbd66edd6582/index.m3u8
198,10号高层－1F电梯出口,fc08657846c547f38cf6fa4a71216f60,42011101581314000142,43,http://111.4.138.205:18080/hls/fc08657846c547f38cf6fa4a71216f60/index.m3u8
199,10号高层1层大门中部东向摄像机,08f09b50084b4cf09bada0a66d937c0c,42011101581314000143,44,http://111.4.138.205:18080/hls/08f09b50084b4cf09bada0a66d937c0c/index.m3u8
200,11号高层－1F电梯出口,c8141f01221d4443b9c81adac91052a7,42011101581314000144,45,http://111.4.138.205:18080/hls/c8141f01221d4443b9c81adac91052a7/index.m3u8
201,11号高层1层大门中部南向摄像,beee6750f8cb4d6c90550b52f0531d7d,42011101581314000145,46,http://111.4.138.205:18080/hls/beee6750f8cb4d6c90550b52f0531d7d/index.m3u8
202,2号工坊1层大门中部西向摄像机,74ef835e09214694a31db6d55b93979f,42011101581314000146,47,http://111.4.138.205:18080/hls/74ef835e09214694a31db6d55b93979f/index.m3u8
203,2号工坊－1F电梯出口,ecfba2f6eb714ecfa1ce623357b13120,42011101581314000147,48,http://111.4.138.205:18080/hls/ecfba2f6eb714ecfa1ce623357b13120/index.m3u8
204,3号工坊1层大门中部南向摄像机,7c8c082dc02647398262ad0cdfc1cfd9,42011101581314000148,49,http://111.4.138.205:18080/hls/7c8c082dc02647398262ad0cdfc1cfd9/index.m3u8
205,3号工坊－1F电梯出口,2eda64da107f42a5b7a465fa8d9a183a,42011101581314000149,50,http://111.4.138.205:18080/hls/2eda64da107f42a5b7a465fa8d9a183a/index.m3u8
206,2#水泵房东面墙西向摄像头,12c885ab7d60423ca6c973c2fe496e8d,42011101581314000150,51,http://111.4.138.205:18080/hls/12c885ab7d60423ca6c973c2fe496e8d/index.m3u8
207,4号工坊1层大门中部南向摄像机,784c4d712bd348009f5246702ef00f82,42011101581314000151,52,http://111.4.138.205:18080/hls/784c4d712bd348009f5246702ef00f82/index.m3u8
208,5号工坊－1F电梯出口,f2e6f7d28c33499d99e4534d0f30af6b,42011101581314000152,53,http://111.4.138.205:18080/hls/f2e6f7d28c33499d99e4534d0f30af6b/index.m3u8
209,7坊负一楼电梯前室,883a1d748f30418a8aa6f6f086f5d59e,42011101581314000153,54,http://111.4.138.205:18080/hls/883a1d748f30418a8aa6f6f086f5d59e/index.m3u8
210,7号工坊1层大门中部西向摄像机,ebfdd1d0ba1b4c69b2c5e91a4dadc792,42011101581314000154,55,http://111.4.138.205:18080/hls/ebfdd1d0ba1b4c69b2c5e91a4dadc792/index.m3u8
211,8坊负一层电梯前室,b66c7f3c4dc74793af31ed8bbaa433d3,42011101581314000155,56,http://111.4.138.205:18080/hls/b66c7f3c4dc74793af31ed8bbaa433d3/index.m3u8
212,8号工坊1层大门中部南向摄像机,ccc0172840774a09a32bad2917137203,42011101581314000156,57,http://111.4.138.205:18080/hls/ccc0172840774a09a32bad2917137203/index.m3u8
213,9号工坊1层大门中部,150e753954bc48498ff00609bc3ea174,42011101581314000157,58,http://111.4.138.205:18080/hls/150e753954bc48498ff00609bc3ea174/index.m3u8
214,10号工坊1层大门中部东向摄像头,97971bfbed0748d993c4ec6fd37c0326,42011101581314000158,59,http://111.4.138.205:18080/hls/97971bfbed0748d993c4ec6fd37c0326/index.m3u8
215,11号工坊1层大门中部西向摄像头,8ef4940e4f4147e1a058b23c78062602,42011101581314000159,60,http://111.4.138.205:18080/hls/8ef4940e4f4147e1a058b23c78062602/index.m3u8
216,A8大厅内侧,d240968ac8a943a1931708008b31267e,42011101581314000003,51,http://111.4.138.205:18080/hls/d240968ac8a943a1931708008b31267e/index.m3u8
217,A9大厅内侧,ef65f470e4d54e3cbee845dcd04a61eb,42011101581314000004,52,http://111.4.138.205:18080/hls/ef65f470e4d54e3cbee845dcd04a61eb/index.m3u8
218,A11大厅内侧,067b8c9c00204ece8516e8e246046dd9,42011101581314000005,53,http://111.4.138.205:18080/hls/067b8c9c00204ece8516e8e246046dd9/index.m3u8
219,c3通道,fbcd27ed441e444f89c8895dbc6c91b5,42011101581314000006,54,http://111.4.138.205:18080/hls/fbcd27ed441e444f89c8895dbc6c91b5/index.m3u8
220,F2南门内,f0f7cfac606644e3b0806859e7b54588,42011101581314000007,55,http://111.4.138.205:18080/hls/f0f7cfac606644e3b0806859e7b54588/index.m3u8
221,F3门岗,720db826b05a41e0a16bb9a851b008da,42011101581314000008,56,http://111.4.138.205:18080/hls/720db826b05a41e0a16bb9a851b008da/index.m3u8
222,中E1大厅内,7050161315d44632b2a8de0aa4952cc9,42011101581314000009,57,http://111.4.138.205:18080/hls/7050161315d44632b2a8de0aa4952cc9/index.m3u8
223,E2大厅内,3d5fab168cbd48c7bb6bd571c3a6299e,42011101581314000010,58,http://111.4.138.205:18080/hls/3d5fab168cbd48c7bb6bd571c3a6299e/index.m3u8
224,E4大厅内,73dd8fca84724238bd4ebbf7ac2a748d,42011101581314000011,59,http://111.4.138.205:18080/hls/73dd8fca84724238bd4ebbf7ac2a748d/index.m3u8
225,E5大厅内,70cdac9deeae4e4a823a1aa6278dd02a,42011101581314000012,60,http://111.4.138.205:18080/hls/70cdac9deeae4e4a823a1aa6278dd02a/index.m3u8
226,1号高层内部西南角东北向,97ea7da94f72416eb369216fba863b4a,42011101581314000160,26,http://111.4.138.205:18080/hls/97ea7da94f72416eb369216fba863b4a/index.m3u8
227,1高-1楼地库电梯出口,0301c8dfc18340c094a3a40b327ea6f7,42011101581314000161,27,http://111.4.138.205:18080/hls/0301c8dfc18340c094a3a40b327ea6f7/index.m3u8
228,1-5配电房南面墙中部北,2f3a6a1f72a0449d9ff6f59687053b4b,42011101581314000162,24,http://111.4.138.205:18080/hls/2f3a6a1f72a0449d9ff6f59687053b4b/index.m3u8
229,1-5配电房南面墙西部北,07a818db91804365b84ea1df58c73d9e,42011101581314000163,25,http://111.4.138.205:18080/hls/07a818db91804365b84ea1df58c73d9e/index.m3u8
230,2#水泵房东南角北向摄像头,2d41719b28d54d1891f212c32ffaff0e,42011101581314000164,23,http://111.4.138.205:18080/hls/2d41719b28d54d1891f212c32ffaff0e/index.m3u8
231,9号高层1楼监控室南墙北向摄像头,0311895a179a4ea4b80a287ff8199c57,42011101581314000165,21,http://111.4.138.205:18080/hls/0311895a179a4ea4b80a287ff8199c57/index.m3u8
232,9高监控室大门,7535424438bd4456a900c1aa925dcd2e,42011101581314000166,22,http://111.4.138.205:18080/hls/7535424438bd4456a900c1aa925dcd2e/index.m3u8
233,6高3楼办公大厅,de9539591089493c8aab13f893a115ce,42011101581314000167,17,http://111.4.138.205:18080/hls/de9539591089493c8aab13f893a115ce/index.m3u8
234,6高三楼前厅,ae908228cc1a447c985cefe936f031ae,42011101581314000168,18,http://111.4.138.205:18080/hls/ae908228cc1a447c985cefe936f031ae/index.m3u8
235,1#水泵房东侧西向,6e405308a55b4932a22cc5de87f525b2,42011101581314000169,19,http://111.4.138.205:18080/hls/6e405308a55b4932a22cc5de87f525b2/index.m3u8
236,2-3配电房西墙北部东向,541b170556c84a60a370b83cb78d5c0b,42011101581314000170,20,http://111.4.138.205:18080/hls/541b170556c84a60a370b83cb78d5c0b/index.m3u8
237,b22水泵房,3c0d03a7050d4d61a15b9f5d42de017f,42011101581314000077,1,http://111.4.138.205:18080/hls/3c0d03a7050d4d61a15b9f5d42de017f/index.m3u8
238,b22水泵房2,c1354af45ee9464190f499529e0892e1,42011101581314000078,2,http://111.4.138.205:18080/hls/c1354af45ee9464190f499529e0892e1/index.m3u8
239,b22配电房1,c72390402e594cf6822bd291b59533d5,42011101581314000079,3,http://111.4.138.205:18080/hls/c72390402e594cf6822bd291b59533d5/index.m3u8
240,b22配电房2,ed57a5c692ef4723acee2b67a11cd48c,42011101581314000080,4,http://111.4.138.205:18080/hls/ed57a5c692ef4723acee2b67a11cd48c/index.m3u8
241,b18配电房1,1644cbaba6f9452bbfc80e56e6abf691,42011101581314000081,5,http://111.4.138.205:18080/hls/1644cbaba6f9452bbfc80e56e6abf691/index.m3u8
242,b18配电房2,9aa86c01a98e4926bbade7bb4ed87084,42011101581314000082,6,http://111.4.138.205:18080/hls/9aa86c01a98e4926bbade7bb4ed87084/index.m3u8
243,b18水泵房2,50d2a313f58c460182502664b1bb81db,42011101581314000083,7,http://111.4.138.205:18080/hls/50d2a313f58c460182502664b1bb81db/index.m3u8
244,b18水泵房2,7d4ceac6591f4bc6af6728009e196a0c,42011101581314000084,8,http://111.4.138.205:18080/hls/7d4ceac6591f4bc6af6728009e196a0c/index.m3u8
245,b5配电房1,e46480c43df24c0e8e6d14d1bdb841c7,42011101581314000085,9,http://111.4.138.205:18080/hls/e46480c43df24c0e8e6d14d1bdb841c7/index.m3u8
246,b5配电房2,b733d80ad8bf4f6f831c229d57cd0c02,42011101581314000086,10,http://111.4.138.205:18080/hls/b733d80ad8bf4f6f831c229d57cd0c02/index.m3u8
247,b5水泵房1,5610ad64663f4c05bcf61bfa064eb32d,42011101581314000087,11,http://111.4.138.205:18080/hls/5610ad64663f4c05bcf61bfa064eb32d/index.m3u8
248,b5水泵房2,aff14fc046c64aa38a1135fb676190e1,42011101581314000088,12,http://111.4.138.205:18080/hls/aff14fc046c64aa38a1135fb676190e1/index.m3u8
249,b4消防泵房1,961199dad8954696a0f6b9450dfa5c8b,42011101581314000089,13,http://111.4.138.205:18080/hls/961199dad8954696a0f6b9450dfa5c8b/index.m3u8
250,b4消防泵房2,f79f97b87c5d4d738fa405c5005d29ef,42011101581314000090,14,http://111.4.138.205:18080/hls/f79f97b87c5d4d738fa405c5005d29ef/index.m3u8
251,b4配电房1,e6b7ffd0e46a4d59a4078e330942144c,42011101581314000091,15,http://111.4.138.205:18080/hls/e6b7ffd0e46a4d59a4078e330942144c/index.m3u8
252,b4配电房2,083ee28ce8964c4daa66b031c75fe115,42011101581314000092,16,http://111.4.138.205:18080/hls/083ee28ce8964c4daa66b031c75fe115/index.m3u8
253,b2配电房1,ee07b2dda0d44445ab85034fb1938847,42011101581314000093,17,http://111.4.138.205:18080/hls/ee07b2dda0d44445ab85034fb1938847/index.m3u8
254,b2配电房2,c33c794ebc1d46139ea73f9d2fcdd2ba,42011101581314000094,18,http://111.4.138.205:18080/hls/c33c794ebc1d46139ea73f9d2fcdd2ba/index.m3u8
255,b7配电房1,7003893ace524a1488f5c72baf823a91,42011101581314000095,19,http://111.4.138.205:18080/hls/7003893ace524a1488f5c72baf823a91/index.m3u8
256,b7配电房2,e071cf9fae9b4d598334e352b3208fb9,42011101581314000096,20,http://111.4.138.205:18080/hls/e071cf9fae9b4d598334e352b3208fb9/index.m3u8
257,b7水泵房2,8968b652116448238717eb0f67c575b4,42011101581314000097,21,http://111.4.138.205:18080/hls/8968b652116448238717eb0f67c575b4/index.m3u8
258,b7水泵房1,a9d33c7af755445ea156f46736a8476e,42011101581314000098,22,http://111.4.138.205:18080/hls/a9d33c7af755445ea156f46736a8476e/index.m3u8
259,b27配电房2,fa408570c09e4a46a3466746277559cb,42011101581314000099,23,http://111.4.138.205:18080/hls/fa408570c09e4a46a3466746277559cb/index.m3u8
260,b27配电房1,a48a25069e4447e8b0ed395691da89bf,42011101581314000100,24,http://111.4.138.205:18080/hls/a48a25069e4447e8b0ed395691da89bf/index.m3u8
261,b27消防泵房1,37c216a9a7584fbea9237d39a96a8889,42011101581314000101,25,http://111.4.138.205:18080/hls/37c216a9a7584fbea9237d39a96a8889/index.m3u8
262,b27消防泵房2,76dff5e538174946a4cd9dea1d90580b,42011101581314000102,26,http://111.4.138.205:18080/hls/76dff5e538174946a4cd9dea1d90580b/index.m3u8
263,b26配电房2,b43a1f6fb4634945a31bdcd0f8cce070,42011101581314000103,27,http://111.4.138.205:18080/hls/b43a1f6fb4634945a31bdcd0f8cce070/index.m3u8
264,b26配电房1,cb2c950275e74fad97a3d064d451a674,42011101581314000104,28,http://111.4.138.205:18080/hls/cb2c950275e74fad97a3d064d451a674/index.m3u8
265,a4水泵房1,0b61b495ea00479dbfe1b9f7831bacb7,42011101581314000105,29,http://111.4.138.205:18080/hls/0b61b495ea00479dbfe1b9f7831bacb7/index.m3u8
266,a4水泵房2,83947c3fff4743dab1ff1bcb0563a821,42011101581314000106,30,http://111.4.138.205:18080/hls/83947c3fff4743dab1ff1bcb0563a821/index.m3u8
267,a4配电房1,a4440dae874644688dbf3344e87545ce,42011101581314000107,31,http://111.4.138.205:18080/hls/a4440dae874644688dbf3344e87545ce/index.m3u8
268,a4配电房2,f018298af27948cfb95ff02cfdd230f3,42011101581314000108,32,http://111.4.138.205:18080/hls/f018298af27948cfb95ff02cfdd230f3/index.m3u8
269,a3水泵房1,41a373e7533a400ebd72cf2d2a22f487,42011101581314000109,33,http://111.4.138.205:18080/hls/41a373e7533a400ebd72cf2d2a22f487/index.m3u8
270,a3水泵房2,d4cbef188df9488d9d8b68cfcb054802,42011101581314000110,34,http://111.4.138.205:18080/hls/d4cbef188df9488d9d8b68cfcb054802/index.m3u8
271,a3配电房1,6c5ce27de569427f8ac2c0f30a54aa6f,42011101581314000111,35,http://111.4.138.205:18080/hls/6c5ce27de569427f8ac2c0f30a54aa6f/index.m3u8
272,a3配电房2,c8ce5bf664634003ade35b4371ebe8b6,42011101581314000112,36,http://111.4.138.205:18080/hls/c8ce5bf664634003ade35b4371ebe8b6/index.m3u8
273,a15配电房1,c847d60a48d545d7b9833b54ab622763,42011101581314000113,37,http://111.4.138.205:18080/hls/c847d60a48d545d7b9833b54ab622763/index.m3u8
274,a15配电房2,db1613d45be14547b0ccf0bfdba266ef,42011101581314000114,38,http://111.4.138.205:18080/hls/db1613d45be14547b0ccf0bfdba266ef/index.m3u8
275,a15水泵房1,b3ca41a018bf48ceb844a66bd634859f,42011101581314000115,39,http://111.4.138.205:18080/hls/b3ca41a018bf48ceb844a66bd634859f/index.m3u8
276,a15水泵房2,50ba76090c924e7daaaa581089f84e33,42011101581314000116,40,http://111.4.138.205:18080/hls/50ba76090c924e7daaaa581089f84e33/index.m3u8
277,b14水泵房1,f6650c49bfa04486b4f23fd59a9c1b0d,42011101581314000117,41,http://111.4.138.205:18080/hls/f6650c49bfa04486b4f23fd59a9c1b0d/index.m3u8
278,b14水泵房2,4fe1be7b8d9a418989378a83b93c6a69,42011101581314000118,42,http://111.4.138.205:18080/hls/4fe1be7b8d9a418989378a83b93c6a69/index.m3u8
279,a1配电房1,16b9e41e16864dc29e8958d8ab235205,42011101581314000119,43,http://111.4.138.205:18080/hls/16b9e41e16864dc29e8958d8ab235205/index.m3u8
280,a1配电房2,07ca22c2ac924a73990c39c982413009,42011101581314000120,44,http://111.4.138.205:18080/hls/07ca22c2ac924a73990c39c982413009/index.m3u8
281,a1消防泵房1,2aebe9fee4f4470c870c02862a59be94,42011101581314000121,45,http://111.4.138.205:18080/hls/2aebe9fee4f4470c870c02862a59be94/index.m3u8
282,a1消防泵房2,ab092ba1acc14c698891f4dda223e434,42011101581314000122,46,http://111.4.138.205:18080/hls/ab092ba1acc14c698891f4dda223e434/index.m3u8
283,办公室1,fae8f7a0af05483392a4eb891cb93648,42011101581314000123,47,http://111.4.138.205:18080/hls/fae8f7a0af05483392a4eb891cb93648/index.m3u8
284,办公室2,1e5a2d72834040fdb9fd802227ce8d3f,42011101581314000124,48,http://111.4.138.205:18080/hls/1e5a2d72834040fdb9fd802227ce8d3f/index.m3u8
285,监控中心,68758ee72d6e428baadd0b6adfd4f4c1,42011101581314000125,49,http://111.4.138.205:18080/hls/68758ee72d6e428baadd0b6adfd4f4c1/index.m3u8
286,南区消防泵房1,830eb6958ade47b89fef056245529605,42011101581314000013,1,http://111.4.138.205:18080/hls/830eb6958ade47b89fef056245529605/index.m3u8
287,南区消防泵房2,1034812e4fc8483a8f442f3294e9a516,42011101581314000014,2,http://111.4.138.205:18080/hls/1034812e4fc8483a8f442f3294e9a516/index.m3u8
288,南E区发电房1,2ec38379236349fd8c8239f488c2b542,42011101581314000015,3,http://111.4.138.205:18080/hls/2ec38379236349fd8c8239f488c2b542/index.m3u8
289,南E区3号配电房1,7280c63a806646b09cd3dede168b41ec,42011101581314000016,4,http://111.4.138.205:18080/hls/7280c63a806646b09cd3dede168b41ec/index.m3u8
290,南E区3号配电房2,b7ec2edccfa14bd08de85ebfa8f4d2c5,42011101581314000017,5,http://111.4.138.205:18080/hls/b7ec2edccfa14bd08de85ebfa8f4d2c5/index.m3u8
291,南E区1号配电房1,0a96114145a74f928c60a502c4335187,42011101581314000018,6,http://111.4.138.205:18080/hls/0a96114145a74f928c60a502c4335187/index.m3u8
292,F区消防泵房1,f98e490b9bbc47d5b15fb139004ee720,42011101581314000019,7,http://111.4.138.205:18080/hls/f98e490b9bbc47d5b15fb139004ee720/index.m3u8
293,F区消防泵房2,906412d0d17349db8acf82855ca53a8d,42011101581314000020,8,http://111.4.138.205:18080/hls/906412d0d17349db8acf82855ca53a8d/index.m3u8
294,F区1号水泵房1,ab46b20c37fe450ea59a00ddf4e0f4cd,42011101581314000021,9,http://111.4.138.205:18080/hls/ab46b20c37fe450ea59a00ddf4e0f4cd/index.m3u8
295,F区1号水泵房2,61a625edafe64f0c80871f0f8b025064,42011101581314000022,10,http://111.4.138.205:18080/hls/61a625edafe64f0c80871f0f8b025064/index.m3u8
296,F区1号配电房1,d5376e82690f484f8835a604ffb31278,42011101581314000023,11,http://111.4.138.205:18080/hls/d5376e82690f484f8835a604ffb31278/index.m3u8
297,F区1号配电房2,6abbba2c547248c3ad8a92bdf06546f6,42011101581314000024,12,http://111.4.138.205:18080/hls/6abbba2c547248c3ad8a92bdf06546f6/index.m3u8
298,F区3号配电房1,e7c290df8b6d4bf4b66f1d3976298505,42011101581314000025,13,http://111.4.138.205:18080/hls/e7c290df8b6d4bf4b66f1d3976298505/index.m3u8
299,F区3号配电房1,9c6909686a89446e870cc8ff1fbe0156,42011101581314000026,14,http://111.4.138.205:18080/hls/9c6909686a89446e870cc8ff1fbe0156/index.m3u8
300,F区2号配电房1,22f5a0971bc745af8acf1e92f2f09c5c,42011101581314000027,15,http://111.4.138.205:18080/hls/22f5a0971bc745af8acf1e92f2f09c5c/index.m3u8
301,F区2号配电房2,1244a4759e564ca0a514a4e1de238565,42011101581314000028,16,http://111.4.138.205:18080/hls/1244a4759e564ca0a514a4e1de238565/index.m3u8
302,F区2号配电房3,0901805ce6254125bf1f84872a488591,42011101581314000029,17,http://111.4.138.205:18080/hls/0901805ce6254125bf1f84872a488591/index.m3u8
303,F区2号水泵房1,9ffdb4774aed49caaeda17087ea2482f,42011101581314000030,18,http://111.4.138.205:18080/hls/9ffdb4774aed49caaeda17087ea2482f/index.m3u8
304,F区2号水泵房2,5fcd713e597f49f7bf0be2cd8738fe40,42011101581314000031,19,http://111.4.138.205:18080/hls/5fcd713e597f49f7bf0be2cd8738fe40/index.m3u8
305,F区5号配电房1,037ce40e5f954e33b2fb3d4fb344f999,42011101581314000032,20,http://111.4.138.205:18080/hls/037ce40e5f954e33b2fb3d4fb344f999/index.m3u8
306,F区5号配电房2,4b6dbf8d1e444e18a3479a68f02d71eb,42011101581314000033,21,http://111.4.138.205:18080/hls/4b6dbf8d1e444e18a3479a68f02d71eb/index.m3u8
307,F区4号配电房1,f78aa5f17b9c48c4aa20e0d319c9764c,42011101581314000034,22,http://111.4.138.205:18080/hls/f78aa5f17b9c48c4aa20e0d319c9764c/index.m3u8
308,F区4号配电房1,87a8a3a873e049e58b0bccb89ef1c290,42011101581314000035,23,http://111.4.138.205:18080/hls/87a8a3a873e049e58b0bccb89ef1c290/index.m3u8
309,F区6号配电房1,9b043c406cf846b19a6618c30110b3fc,42011101581314000036,24,http://111.4.138.205:18080/hls/9b043c406cf846b19a6618c30110b3fc/index.m3u8
310,F区6号配电房2,1be397fd52754d14b21fc686359da545,42011101581314000037,25,http://111.4.138.205:18080/hls/1be397fd52754d14b21fc686359da545/index.m3u8
311,A区水泵房,c7d274639f5b4662a493a0b970626cd0,42011101581314000038,26,http://111.4.138.205:18080/hls/c7d274639f5b4662a493a0b970626cd0/index.m3u8
312,A区配电房,f525db44aed6456c970030cf2f3ab762,42011101581314000039,27,http://111.4.138.205:18080/hls/f525db44aed6456c970030cf2f3ab762/index.m3u8
313,A区配电房2,597057f4852b4358bd977cbcf19672e6,42011101581314000040,28,http://111.4.138.205:18080/hls/597057f4852b4358bd977cbcf19672e6/index.m3u8
314,C座配电房,c62a720e6d8740b1a3aedf0f4560e5a5,42011101581314000041,29,http://111.4.138.205:18080/hls/c62a720e6d8740b1a3aedf0f4560e5a5/index.m3u8
315,C座配电房2,f16dda1bb14f499eb969f755e222e0fc,42011101581314000042,30,http://111.4.138.205:18080/hls/f16dda1bb14f499eb969f755e222e0fc/index.m3u8
316,C座水泵房1,c2543ff79a6a49e188b1ed5ac107d8eb,42011101581314000043,31,http://111.4.138.205:18080/hls/c2543ff79a6a49e188b1ed5ac107d8eb/index.m3u8
317,C座水泵房2,f1981ef6279d4ee3aa2074662415fb6d,42011101581314000044,32,http://111.4.138.205:18080/hls/f1981ef6279d4ee3aa2074662415fb6d/index.m3u8
318,中房E区发房1,23fe2ba560504179a5c11880212d3302,42011101581314000045,33,http://111.4.138.205:18080/hls/23fe2ba560504179a5c11880212d3302/index.m3u8
319,中房E区发房2,b657df54d650447384a7583a7c945f24,42011101581314000046,34,http://111.4.138.205:18080/hls/b657df54d650447384a7583a7c945f24/index.m3u8
320,中E区消防泵房1,bac4ac82238043d38f2a622736440381,42011101581314000047,35,http://111.4.138.205:18080/hls/bac4ac82238043d38f2a622736440381/index.m3u8
321,中E区3号配电房1,2107f4fbc4dc44c8a592958616616f9c,42011101581314000048,36,http://111.4.138.205:18080/hls/2107f4fbc4dc44c8a592958616616f9c/index.m3u8
322,中E区消防泵房2,fd680b5e5c6d4a21972747da4abb4b0f,42011101581314000049,37,http://111.4.138.205:18080/hls/fd680b5e5c6d4a21972747da4abb4b0f/index.m3u8
323,中E区3号配电房2,341227e965e240cfa6accd139c9276d7,42011101581314000050,38,http://111.4.138.205:18080/hls/341227e965e240cfa6accd139c9276d7/index.m3u8
324,中E区2号发电房,2262b4df7fd545fe8bca6046de9b0201,42011101581314000051,39,http://111.4.138.205:18080/hls/2262b4df7fd545fe8bca6046de9b0201/index.m3u8
325,中E区2号发房2,619e08be36504863aea8165ad57ffff8,42011101581314000052,40,http://111.4.138.205:18080/hls/619e08be36504863aea8165ad57ffff8/index.m3u8
326,中E区1号配电房1,b3687c2d6ae04a91b48324f6a40cf63c,42011101581314000053,41,http://111.4.138.205:18080/hls/b3687c2d6ae04a91b48324f6a40cf63c/index.m3u8
327,中E区1号配电房2,dae54fc892c54f66a3f88789b30225d3,42011101581314000054,42,http://111.4.138.205:18080/hls/dae54fc892c54f66a3f88789b30225d3/index.m3u8
328,中E区2号配电房1,689c7e1479084bd4ba9e6b3e425566fe,42011101581314000055,43,http://111.4.138.205:18080/hls/689c7e1479084bd4ba9e6b3e425566fe/index.m3u8
329,中E区2号配电房2,2132b985683544298d38988118318441,42011101581314000056,44,http://111.4.138.205:18080/hls/2132b985683544298d38988118318441/index.m3u8
330,中E区水泵房1,1f958ed90ea84c08b2586303e7b1f78d,42011101581314000057,45,http://111.4.138.205:18080/hls/1f958ed90ea84c08b2586303e7b1f78d/index.m3u8
331,中E区水泵房2,ea9dc45a9cc94f2bb30c2930e58700e8,42011101581314000058,46,http://111.4.138.205:18080/hls/ea9dc45a9cc94f2bb30c2930e58700e8/index.m3u8
332,f5水泵房1,3d9d67a5c52d4fecad1d632c9131309f,42011101581314000059,47,http://111.4.138.205:18080/hls/3d9d67a5c52d4fecad1d632c9131309f/index.m3u8
333,f5水泵房2,63bb0afb0f1b4874bc4caef51e550c4d,42011101581314000060,48,http://111.4.138.205:18080/hls/63bb0afb0f1b4874bc4caef51e550c4d/index.m3u8
334,运营中心1,837a9eeea83542deb9c0024b7d4812f1,42011101581314000061,49,http://111.4.138.205:18080/hls/837a9eeea83542deb9c0024b7d4812f1/index.m3u8
335,运营中心2,76295722e7a344d783d2c9f119d7a634,42011101581314000062,50,http://111.4.138.205:18080/hls/76295722e7a344d783d2c9f119d7a634/index.m3u8
336,物业办公室,16d77d06fa8a490e87ab5f59946956aa,42011101581314000198,22,http://111.4.138.205:18080/hls/16d77d06fa8a490e87ab5f59946956aa/index.m3u8
337,1F-物业大厅(右),63cf676add9443f98393caee91606aff,42011101581314000199,43,http://111.4.138.205:18080/hls/63cf676add9443f98393caee91606aff/index.m3u8
338,地下室-19消防泵房,51b7031b514b4895994f330dfacd66d1,42011101581314000189,19,http://111.4.138.205:18080/hls/51b7031b514b4895994f330dfacd66d1/index.m3u8
339,地下室-2,855a70b5ae9d4c14a33465220bc0e4f1,42011101581314000190,20,http://111.4.138.205:18080/hls/855a70b5ae9d4c14a33465220bc0e4f1/index.m3u8
340,地下室-12消防泵房,e0e4f182b11b4587a1d21d331988e5e0,42011101581314000191,21,http://111.4.138.205:18080/hls/e0e4f182b11b4587a1d21d331988e5e0/index.m3u8
341,地下室-4,9b8d805500084b9d81174a515334a586,42011101581314000192,22,http://111.4.138.205:18080/hls/9b8d805500084b9d81174a515334a586/index.m3u8
342,19号楼-西电梯,1817679676494d6a834b8e158e69466d,42011101581314000193,23,http://111.4.138.205:18080/hls/1817679676494d6a834b8e158e69466d/index.m3u8
343,19号楼-东电梯,459b47749c5046a29ce36ee6d1848b38,42011101581314000194,24,http://111.4.138.205:18080/hls/459b47749c5046a29ce36ee6d1848b38/index.m3u8
344,20#楼-天台,3e6675e87a01409a897885cfc17aa0ee,42011101581314000195,25,http://111.4.138.205:18080/hls/3e6675e87a01409a897885cfc17aa0ee/index.m3u8
345,西北门,e3f650e2fd7847e49c3c44b0a8344505,42011101581314000196,26,http://111.4.138.205:18080/hls/e3f650e2fd7847e49c3c44b0a8344505/index.m3u8
346,西北门道闸,ff4425a72612411a8732da9d0fa6329e,42011101581314000197,29,http://111.4.138.205:18080/hls/ff4425a72612411a8732da9d0fa6329e/index.m3u8
347,1-7配电房西墙中部东向摄像头,0828abb3723d4d159051db1a5fac1747,42011101581314000171,1,http://111.4.138.205:18080/hls/0828abb3723d4d159051db1a5fac1747/index.m3u8
348,1-7配电房南墙东部北向摄像头,889ef5cdd29c4a45b160b6150f10767d,42011101581314000172,2,http://111.4.138.205:18080/hls/889ef5cdd29c4a45b160b6150f10767d/index.m3u8
349,1-6配电房南墙中部北向摄像头,5224039870344ae0a7fe479e3e8fde61,42011101581314000173,3,http://111.4.138.205:18080/hls/5224039870344ae0a7fe479e3e8fde61/index.m3u8
350,1-6配电房南墙东南角北向摄像头,48061263202d4cb0a944abacbde0a24c,42011101581314000174,4,http://111.4.138.205:18080/hls/48061263202d4cb0a944abacbde0a24c/index.m3u8
351,1#水泵房北墙中部南向摄像头,51c986b9ba1146a1add61a109937008b,42011101581314000175,5,http://111.4.138.205:18080/hls/51c986b9ba1146a1add61a109937008b/index.m3u8
352,1#水泵房西南角东向摄像头,c8ccf07ddf574dd5bd69ccdd187b6b37,42011101581314000176,6,http://111.4.138.205:18080/hls/c8ccf07ddf574dd5bd69ccdd187b6b37/index.m3u8
353,4号工坊－1F电梯出口,b7a05a745aa9406e8b2bc584f1c8a928,42011101581314000177,7,http://111.4.138.205:18080/hls/b7a05a745aa9406e8b2bc584f1c8a928/index.m3u8
354,2-5#变配电房北面墙西部南向摄,ddb5ec268a8341a4868bbda7488e8237,42011101581314000178,8,http://111.4.138.205:18080/hls/ddb5ec268a8341a4868bbda7488e8237/index.m3u8
355,2-4#变配电房东面墙中部西向摄,e618d01598b54eccb2855a6f04e6e059,42011101581314000179,9,http://111.4.138.205:18080/hls/e618d01598b54eccb2855a6f04e6e059/index.m3u8
356,2-3配电房西南柱子东南向摄像头,add03cd169964aed879c306ddca10b66,42011101581314000180,10,http://111.4.138.205:18080/hls/add03cd169964aed879c306ddca10b66/index.m3u8
357,2-3配电房西墙中部东向摄像头,109e3e85ab584523b84a3b6ca46f0f28,42011101581314000181,11,http://111.4.138.205:18080/hls/109e3e85ab584523b84a3b6ca46f0f28/index.m3u8
358,2-5#变配电房东南角西向摄像头,2008fcacb1a942099377d31cdd71d97b,42011101581314000182,12,http://111.4.138.205:18080/hls/2008fcacb1a942099377d31cdd71d97b/index.m3u8
359,2-2配电房南墙中部北向摄像头,261f3b66662c4879a182d2a17e349d5f,42011101581314000183,13,http://111.4.138.205:18080/hls/261f3b66662c4879a182d2a17e349d5f/index.m3u8
360,2-1配电房1号摄像头,e050e527b416409b9b601146b930a4c7,42011101581314000184,14,http://111.4.138.205:18080/hls/e050e527b416409b9b601146b930a4c7/index.m3u8
361,2-1配电房2号摄像头,9c594758cafe4dc6962735a8846e168a,42011101581314000185,15,http://111.4.138.205:18080/hls/9c594758cafe4dc6962735a8846e168a/index.m3u8
362,2-1配电房,7103c94e46e24ab0ba57899080712d3d,42011101581314000186,16,http://111.4.138.205:18080/hls/7103c94e46e24ab0ba57899080712d3d/index.m3u8
363,D座配电房2,6b3fc29ecabd41adbe1f939ce6bb1a1e,42011101581314000063,42,http://111.4.138.205:18080/hls/6b3fc29ecabd41adbe1f939ce6bb1a1e/index.m3u8
364,C4高压房1,86e923b1331d4d4d82bb7d00627e8913,42011101581314000064,43,http://111.4.138.205:18080/hls/86e923b1331d4d4d82bb7d00627e8913/index.m3u8
365,C4高压房2,d64d75bfad514d9fb8454f71de496d09,42011101581314000065,44,http://111.4.138.205:18080/hls/d64d75bfad514d9fb8454f71de496d09/index.m3u8
366,C4低压房2,f5c3c77ed59d46b0b90182bb4cc5772f,42011101581314000066,45,http://111.4.138.205:18080/hls/f5c3c77ed59d46b0b90182bb4cc5772f/index.m3u8
367,C4低压房1,10181678cdb84b848ae7304cfa67db5c,42011101581314000067,46,http://111.4.138.205:18080/hls/10181678cdb84b848ae7304cfa67db5c/index.m3u8
368,3期水泵房2,9ae980a544974d73846feb821d69e72d,42011101581314000068,47,http://111.4.138.205:18080/hls/9ae980a544974d73846feb821d69e72d/index.m3u8
369,3期水泵房1,a43cd612c56f457bb4db758d6fa6501b,42011101581314000069,48,http://111.4.138.205:18080/hls/a43cd612c56f457bb4db758d6fa6501b/index.m3u8
370,3期发电房1,cba289d2a5764cb290d9dbcffcf15c73,42011101581314000070,49,http://111.4.138.205:18080/hls/cba289d2a5764cb290d9dbcffcf15c73/index.m3u8
371,3期发电房2,ee8d5ca12c3949aa9ae1a3abdbb967cb,42011101581314000071,50,http://111.4.138.205:18080/hls/ee8d5ca12c3949aa9ae1a3abdbb967cb/index.m3u8
372,4期配电房1,ab5350e52eab4d4c827320e3c82c1d49,42011101581314000072,51,http://111.4.138.205:18080/hls/ab5350e52eab4d4c827320e3c82c1d49/index.m3u8
373,4期配电房2,65dfebe7e0ee410993ffb5e86e2a49e1,42011101581314000073,52,http://111.4.138.205:18080/hls/65dfebe7e0ee410993ffb5e86e2a49e1/index.m3u8
374,C5配电房1,16f17a9a760842a6af3ab45679074c42,42011101581314000074,53,http://111.4.138.205:18080/hls/16f17a9a760842a6af3ab45679074c42/index.m3u8
375,D座配电房1,37342c95353746f2a87cfb910451cdde,42011101581314000075,54,http://111.4.138.205:18080/hls/37342c95353746f2a87cfb910451cdde/index.m3u8
376,C5配电房2,f96e34987dd0429f876fc742a44305c4,42011101581314000076,55,http://111.4.138.205:18080/hls/f96e34987dd0429f876fc742a44305c4/index.m3u8
